{
  "timestamp": "2026-02-25T21:44:09.881111",
  "metrics": [
    {
      "name": "Health Check",
      "path": "/health",
      "total_requests": 1000,
      "successful": 1000,
      "errors": 0,
      "total_time": 17.256405353546143,
      "requests_per_sec": 57.94949640508432,
      "min": 0.005712747573852539,
      "max": 0.17311930656433105,
      "mean": 0.1448321921825409,
      "median": 0.14998126029968262,
      "p95": 0.1600181818008423,
      "p99": 0.1688571095466614
    },
    {
      "name": "Tools List",
      "path": "/tools/list",
      "total_requests": 500,
      "successful": 500,
      "errors": 0,
      "total_time": 8.634602308273315,
      "requests_per_sec": 57.90654649154147,
      "min": 0.010559558868408203,
      "max": 0.08868241310119629,
      "mean": 0.05903622007369995,
      "median": 0.06000542640686035,
      "p95": 0.07486271858215332,
      "p99": 0.07778223276138306
    }
  ]
}