{
  "timestamp": "2026-04-09T19:06:06.514947",
  "metrics": [
    {
      "name": "Health Check",
      "path": "/health",
      "total_requests": 1000,
      "successful": 1000,
      "errors": 0,
      "total_time": 17.655644416809082,
      "requests_per_sec": 56.63911077909728,
      "min": 0.0075604915618896484,
      "max": 0.21496033668518066,
      "mean": 0.13395140743255615,
      "median": 0.13699853420257568,
      "p95": 0.17207837104797363,
      "p99": 0.18462689638137816
    },
    {
      "name": "Tools List",
      "path": "/tools/list",
      "total_requests": 500,
      "successful": 500,
      "errors": 0,
      "total_time": 8.499821424484253,
      "requests_per_sec": 58.824765254446355,
      "min": 0.0030879974365234375,
      "max": 0.15631341934204102,
      "mean": 0.05752393627166748,
      "median": 0.061458706855773926,
      "p95": 0.08490397930145263,
      "p99": 0.10179158687591552
    }
  ]
}